<StandardText>
    <attributes>
        <displayRightToLeft>false</displayRightToLeft>
    </attributes>
    <contentValues>
        <contentType>
            <id>1</id>
        </contentType>
        <value>Hi &lt;Delivery SPOC&gt;,

Please initiate kick off call with the &lt;Customer Contact&gt;
OR
Please initiate kick off follow-up call with the &lt;Customer Contact&gt;
OR
Please call customer requesting feedback on quality of service.

Regards,
Remote Application Management (RAM)
Services Portal Support Desk.
</value>
    </contentValues>
    <contentValues>
        <contentType>
            <id>2</id>
        </contentType>
        <value>&lt;DIV&gt;&lt;DIV&gt;Hi &amp;lt;Delivery SPOC&amp;gt;,&lt;BR /&gt;&lt;BR /&gt;Please initiate kick off call with the &amp;lt;Customer Contact&amp;gt;&lt;BR /&gt;OR&lt;BR /&gt;Please initiate kick off follow-up call with the &amp;lt;Customer Contact&amp;gt;&lt;BR /&gt;OR&lt;BR /&gt;Please call customer requesting feedback on quality of service.&lt;BR /&gt;&lt;BR /&gt;Regards,&lt;BR /&gt;RAM Services Portal Support Desk.&lt;BR /&gt;&lt;/DIV&gt;&lt;/DIV&gt;</value>
    </contentValues>
    <displayOrder>3</displayOrder>
    <id>3</id>
    <name>Intitate Kick Off</name>
    <usage>
        <chatText>false</chatText>
        <chatUrl>false</chatUrl>
        <incidentText>true</incidentText>
        <ruleText>false</ruleText>
    </usage>
</StandardText>