<StandardText>
    <attributes>
        <displayRightToLeft>false</displayRightToLeft>
    </attributes>
    <contentValues>
        <contentType>
            <id>1</id>
        </contentType>
        <value>Dear Customer.
Thank you for reaching out.
</value>
    </contentValues>
    <displayOrder>14</displayOrder>
    <id>15</id>
    <name>Demo - CI CD</name>
    <usage>
        <chatText>false</chatText>
        <chatUrl>false</chatUrl>
        <incidentText>true</incidentText>
        <ruleText>true</ruleText>
    </usage>
</StandardText>