<nav_optl_item>
    <desktop_nav_set>
        
        <desktopNavSetId>0</desktopNavSetId>
        <label>
            
            <label>CI CD Demo - Navigation Set</label>
            <langId>1</langId>
        </label>
    </desktop_nav_set>
    <nav_list_folder>
        
        <containerTbl>218</containerTbl>
        <folderId>103435</folderId>
        <interfaceId>2</interfaceId>
        <label>
            
            <label>Application menu</label>
            <langId>1</langId>
        </label>
        <seq>1</seq>
        <subIdentifier>24</subIdentifier>
    </nav_list_folder>
    <nav_list_folder>
        
        <containerTbl>218</containerTbl>
        <folderId>103436</folderId>
        <interfaceId>2</interfaceId>
        <label>
            
            <label>Home</label>
            <langId>1</langId>
        </label>
        <seq>2</seq>
        <subIdentifier>1</subIdentifier>
    </nav_list_folder>
    <nav_list_folder>
        
        <containerTbl>218</containerTbl>
        <folderId>103437</folderId>
        <interfaceId>2</interfaceId>
        <label>
            
            <label>Quick Search</label>
            <langId>1</langId>
        </label>
        <seq>3</seq>
        <subIdentifier>16</subIdentifier>
    </nav_list_folder>
    <desktop_nav_list_item>
        
        <desktopNavSetId>0</desktopNavSetId>
        <dflt>false</dflt>
        <folderId>103435</folderId>
        <recordType>6</recordType>
        <seq>1</seq>
        <type>93</type>
    </desktop_nav_list_item>
    <desktop_nav_list_item>
        
        <acId>117</acId>
        <desktopNavSetId>0</desktopNavSetId>
        <dflt>false</dflt>
        <folderId>103436</folderId>
        <recordType>6</recordType>
        <seq>1</seq>
        <type>1</type>
    </desktop_nav_list_item>
    <desktop_nav_list_item>
        
        <acId>8014</acId>
        <desktopNavSetId>0</desktopNavSetId>
        <dflt>false</dflt>
        <folderId>103437</folderId>
        <recordType>6</recordType>
        <seq>1</seq>
        <type>1</type>
    </desktop_nav_list_item>
    <desktop_nav_list_item>
        
        <desktopNavSetId>0</desktopNavSetId>
        <dflt>false</dflt>
        <folderId>103435</folderId>
        <recordType>7</recordType>
        <seq>2</seq>
        <type>93</type>
    </desktop_nav_list_item>
    <desktop_nav_list_item>
        
        <acId>8001</acId>
        <desktopNavSetId>0</desktopNavSetId>
        <dflt>false</dflt>
        <folderId>103437</folderId>
        <recordType>7</recordType>
        <seq>2</seq>
        <type>1</type>
    </desktop_nav_list_item>
    <desktop_nav_list_item>
        
        <desktopNavSetId>0</desktopNavSetId>
        <dflt>false</dflt>
        <folderId>103435</folderId>
        <recordType>1</recordType>
        <seq>3</seq>
        <type>93</type>
    </desktop_nav_list_item>
    <desktop_nav_list_item>
        
        <acId>120</acId>
        <desktopNavSetId>0</desktopNavSetId>
        <dflt>false</dflt>
        <folderId>103437</folderId>
        <recordType>1</recordType>
        <seq>3</seq>
        <type>1</type>
    </desktop_nav_list_item>
</nav_optl_item>