<StandardText>
    <attributes>
        <displayRightToLeft>false</displayRightToLeft>
    </attributes>
    <contentValues>
        <contentType>
            <id>1</id>
        </contentType>
        <value>Dear $contacts.name.first,

Thank you for reaching out to us. We will get in touch with you shortly.

Thanks,
CRM Center</value>
    </contentValues>
    <displayOrder>14</displayOrder>
    <id>14</id>
    <name>CI CD Demo Standard Text</name>
    <usage>
        <chatText>false</chatText>
        <chatUrl>false</chatUrl>
        <incidentText>true</incidentText>
        <ruleText>true</ruleText>
    </usage>
</StandardText>